Zona Eleitoral,Municipio,Local Votacao,Endereco,Secoes,Quantidade Secoes,Aptos
2,MACAPÁ,1090 - ESCOLA ESTADUAL DR.COARACY NUNES,AV MENDONCA JUNIOR          1651         CENTRO,834; 899; 900; 901; 902; 903; 904; 905; 906; 907; 908,11,3109
2,MACAPÁ,1139 - ESCOLA ESTADUAL PROFº JOSÉ FIRMO DO NASCIMENTO,AV CLODOVIO COELHO  - 145  - TREM,77; 78; 79; 80; 81; 82; 276; 349; 410; 513; 814,11,2546
2,MACAPÁ,1147 - ESCOLA MUNICIPAL DE ENSINO FUNDAMENTAL AMAPA,"RUA LEOPOLDO MACHADO, Nº 3055 - TREM",83; 84; 85; 86; 87; 525; 579; 601; 647; 689,10,2784
2,MACAPÁ,1155 - ESCOLA ESTADUAL PROFº ZOLITO DE JESUS NUNES,RUA LEOPOLDO MACHADO                            160 - BEIROL,88; 89; 90; 91; 92; 93; 94; 225; 284; 587; 783; 833,12,4367
2,MACAPÁ,1163 - ESCOLA MUNICIPAL DE ENSINO FUNDAMENTAL RORAIMA,"RUA HILDEMAR MAIA ,   2549",95; 96; 97; 98; 99; 100; 101; 102,8,1514
2,MACAPÁ,1171 - ESCOLA ESTADUAL PROFª SEBASTIANA LENIR DE ALMEIDA,AV DIOGENES SILVA         123        BURITIZAL,103; 104; 105; 106; 107; 216; 450; 493; 544; 568; 600; 634; 656; 690; 719,15,4364
2,MACAPÁ,1295 - ESCOLA ESTADUAL JOSÉ DO PATROCINIO,"RUA DO ESTALEIRO, 203, FAZENDINHA",175; 176; 177; 287; 415; 455; 483; 506; 541; 588; 615; 810,12,3086
2,MACAPÁ,1600 - ESCOLA ESTADUAL MÁRIO QUIRINO DA SILVA,RUA CLAUDOMIRO DE MORAIS                    SN,228; 244; 269; 283; 310; 327; 347; 355; 542; 562; 591; 611; 769; 827,14,5391
2,MACAPÁ,1783 - ESCOLA ESTADUAL LAURO CHAVES,AV TEMBES       SN,296; 348; 371; 398; 409; 424; 444; 461; 478; 502; 954; 955; 956; 957; 959,15,4075
2,MACAPÁ,1791 - ESCOLA ESTADUAL IRINEU DA GAMA PAES,AV RAIMUNDO CAXIAS DE SOUZA                      SN,290; 368; 384; 399; 405; 414; 432; 536; 571; 597; 616; 635; 644; 658,14,5057
2,MACAPÁ,1848 - ESCOLA ESTADUAL PROFº ANTONIO CASTRO MONTEIRO,AV. DOM JOSE MARITANO         700,390; 402; 406; 411; 425; 523; 548; 569; 598; 652; 696; 718,12,4075
2,MACAPÁ,1899 - UNIVERSIDADE FEDERAL DO AMAPA - UNIFAP,"ROD. JOSMAR CHAVES PINTO, KM 02   JARDIM MARCO ZERO",395; 429; 469; 512; 559; 595; 621; 660; 675; 695; 711; 740; 753; 762; 780; 832,16,6088
2,MACAPÁ,1902 - ESCOLA ESTADUAL REINALDO MAURICIO GOLBERT DAMASCENO,AV 13 DE SETEMBRO      S/N,396; 437; 491; 543; 602; 670; 706; 761; 788,9,3435
2,MACAPÁ,1961 - ESCOLA MUNICIPAL DE ENSINO INFANTIL  ANA LUIZA DE SOUZA MORAES,"RUA CLAUDOMIRO DE MORAES, 802",365; 378; 379; 380; 420,5,941
2,MACAPÁ,1970 - ESCOLA ESTADUAL PROFª ARACY MIRANDA DE MONT ALVERNE,"AV. CARAMURU, 351",117; 219; 343; 472; 662; 789,6,1880
2,MACAPÁ,1996 - ESCOLA ESTADUAL PROFº ROBERTO JOSE MORAIS DE CASTRO,"RUA JOVINO DINOA, 152",330; 351; 360; 375; 453; 492; 546,7,2216
2,MACAPÁ,2020 - ESCOLA ESTADUAL PROFº ANTONIO MESSIAS GONÇALVES DA SILVA,"AV. DOM JOSÉ MARITANO, 622",433; 449; 467; 481; 498; 566; 596; 630; 657; 687; 708,11,3792
2,MACAPÁ,2046 - ESCOLA ESTADUAL PROFª BENIGNA MOREIRA DE SOUZA,RUA RAUL MONTEIRO VALDEZ - 1500,442; 452; 463; 466; 476; 485; 494; 504; 508; 526; 549; 576,12,2992
2,MACAPÁ,2062 - ESCOLA MUNICIPAL DE ENSINO FUNDAMENTAL PROFESSORA NEUZONA,"RUA AMADEU GAMA, 1742",445; 486; 527; 558; 631,5,2019
2,MACAPÁ,2070 - ESCOLA ESTADUAL PROFª MARGARIDA ROCHA DA COSTA,"RODOVIA SALVADOR DINIZ, 1736",459; 488; 534; 632; 800,5,1049
2,MACAPÁ,2097 - ESCOLA ESTADUAL IVANHOE GONCALVES MARTINS,RAMAL DO POLO HORTIFRUTIGRANJEIRO,475; 782,2,390
2,MACAPÁ,2119 - ESCOLA MUNICIPAL DE ENSINO FUNDAMENTAL WILSON MALCHER,"RUA JOÃO DE CASTRO , S/N",505; 540; 545; 551; 561; 584; 645; 646; 667; 691; 692; 709; 734; 744; 748,15,5035
2,MACAPÁ,2135 - ESCOLA ESTADUAL MARIA ANGÉLICA PEREIRA GÓES,"AV. VICENTE BRANDÃO, 489",818; 836,2,365
2,MACAPÁ,2143 - ESCOLA MUNICIPAL CACILDA FERREIRA VASCONCELOS,"ROD. SALVADOR DINI, 192",564; 636; 678; 700; 742,5,1526
2,MACAPÁ,2151 - ESCOLA ESTADUAL RAIMUNDA VIRGOLINO,"RUA VILA DOS OLIVEIRAS, 837",389; 403; 407; 423; 431; 446; 458; 465; 484; 495; 518; 563; 589; 603; 622; 837; 962,17,3997
2,MACAPÁ,2208 - ESCOLA MUNICIPAL DE ENSINO FUNDAMENTAL ESFORÇO POPULAR,RUA RAIMUNDO FERREIRA DA SILVA - 241,626; 649; 673; 697; 723; 735; 756; 791,8,2090
2,MACAPÁ,2216 - ESCOLA MUNICIPAL DE ENSINO FUNDAMENTAL PARAÍSO DAS ACÁCIAS,RUA SANTOS DUMONT - 3800,625; 653; 672; 698; 714; 733; 757,7,1812
2,MACAPÁ,2224 - ESCOLA MUNICIPAL DE ENSINO FUNDAMENTAL EUNICE PICANÇO,RUA CLAUDOMIRO DE MORAES - 3015,624; 659; 679; 705; 729; 798,6,1276
2,MACAPÁ,2232 - ESCOLA MUNICIPAL DE ENSINO FUNDAMENTAL RAIMUNDO OLIVEIRA ALENCAR,RUA VINTE E NOVE DE JULHO - 155,627; 684; 710; 730; 803,5,973
2,MACAPÁ,2240 - ESCOLA MUNICIPAL DE ENSINO FUNDAMENTAL ELITA NUNES MELO,AVENIDA 14 DE JULHO - 1050,623; 683; 722; 796,4,745
2,MACAPÁ,2267 - ESCOLA ESTADUAL PROFª MARIA DE NAZARÉ PEREIRA VASCONCELOS,RUA VILA DAS OLIVEIRAS - 372,629; 638; 650; 661; 668; 677; 688; 702; 713; 728,10,3540
2,MACAPÁ,2313 - ESCOLA MUNICIPAL DE ENSINO FUNDAMENTAL ANTONIO BARBOSA,"RUA NOVO HORIZONTE, 153",69; 70; 226; 359; 418; 538; 727; 794,8,1259
2,MACAPÁ,2321 - ESCOLA ESTADUAL PROFª NANCI NINA COSTA,"AV. INSPETOR AIMORÉ, 1331",725; 732; 736; 743; 749; 752; 755; 759; 765; 767; 815; 826,12,4579
2,MACAPÁ,2330 - ESCOLA ESTADUAL NELITA ROCHA BRITO DIAS,"AV. NILO ALMEIDA, 01",666; 674; 681; 693; 701; 724; 737; 751; 760; 770,10,2722
2,MACAPÁ,2356 - ESCOLA ESTADUAL GONÇALVES DIAS,RUA SANTOS DUMONT     BURITIZAL      N° 121,113; 114; 115; 116; 419; 474; 528; 554; 605; 739; 771; 828,12,3739
2,MACAPÁ,2437 - ESCOLA MUNICIPAL DE ENSINO FUNDAMENTAL PROFª ANA MARIA DA SILVA RAMOS,"AVENIDA INSPETOR AIMORÉ, 480",434; 468; 487; 575; 608,5,1291
2,MACAPÁ,2453 - ESCOLA MUNICIPAL DE ENSINO FUNDAMENTAL CAETANO DIAS TOMAZ,"RUA DO MATADOURO, 112",565; 604; 654; 686; 712; 745; 777; 816,8,1997
2,MACAPÁ,2488 - ESCOLA MUNICIPAL DE ENSINO FUNDAMENTAL PROFª GUITA,"AVENIDA ANTONIO COELHO DE CARVALHO, SN",909,1,271
2,MACAPÁ,2518 - ESCOLA ESTADUAL PROFª JACINTA MARIA RODRIGUES DE CARVALHO,"RUA DA MARINHA, S/N",819; 823; 829; 961,4,1467
2,MACAPÁ,2640 - CENTRO DE EDUCAÇÃO DO AMAPÁ - CEPA,"AV. MARIA QUITÉRIA,   316",840; 841; 842; 843; 844,5,1731
2,MACAPÁ,2658 - ESCOLA ESTADUAL IRMA SANTINA RIOLI,"RUA JOVINO DINOA, 2732",845; 846; 847; 848; 849; 850; 851; 852; 853; 854; 855; 856,12,4197
2,MACAPÁ,2666 - ESCOLA ESTADUAL JOSEFA JUCILEIDE AMORAS COLARES,AV.RAIMUNDO TEQUILO GOES DE ALMEIDA    000147,857; 858; 859; 860; 861; 862; 863; 864; 865; 866; 867,11,4062
2,MACAPÁ,2674 - ESCOLA ESTADUAL PROFª MARIA CARMELITA DO CARMO,"RUA BARAO DE MAUA, 345",868; 869; 870; 871; 872; 873; 874; 875; 876; 877; 878,11,3017
2,MACAPÁ,2682 - ESCOLA ESTADUAL SANTA INÊS,RUA BEIRA RIO                         SANTA INES,879; 880; 881; 882; 883; 884; 885; 886; 887; 888; 889,11,3429
2,MACAPÁ,2690 - ESCOLA MUNICIPAL DE ENSINO FUNDAMENTAL HILDEMAR MAIA,AV CONEGO DOMINGOS MALTEZ                            SN,890; 891; 892; 893; 894; 895; 896; 897; 898,9,1927
2,MACAPÁ,2712 - ESCOLA ESTADUAL DOM ARISTIDES PIRÓVANO,AV HENRIQUE GALUCIO           1840       SANTA RITA,910; 911; 912; 913; 914; 915; 916; 917,8,2718
2,MACAPÁ,2720 - ESCOLA ESTADUAL DR.ALEXANDRE VAZ TAVARES,AV FELICIANO COELHO                                SN,918; 919; 920; 921; 922; 923; 924; 925; 926; 927; 928; 929; 930; 931; 932,15,4905
2,MACAPÁ,2739 - ESCOLA ESTADUAL COELHO NETO,AV CLODOVIO COELHO                   124,933; 934; 935; 936; 937; 938; 939; 940; 941; 942; 943,11,2455
2,MACAPÁ,2747 - ESCOLA ESTADUAL CECILIA PINTO,RUA PROF TOSTES              122         BURITIZAL,944; 945; 946; 947; 948; 949; 950; 951; 952; 953; 958; 960,12,3557
10,MACAPÁ,1074 - ESCOLA ESTADUAL PROFESSORA RUTH DE ALMEIDA BEZERRA,RUA ADILSON JOSÉ PINTO PEREIRA 109,60; 61; 62; 63; 64; 65; 66; 123; 308; 341; 391,11,3866
10,MACAPÁ,1082 - ESCOLA ESTADUAL PEDRO ALCANTARA CHAVES. LOPES,"RUA JOSÉ MARIANO PICANÇO, 1134",67; 286; 406,3,703
10,MACAPÁ,1090 - ESCOLA ESTADUAL JULIO GONCALVES DA COSTA,"AV. CABRALZINHO, 1092",68; 244; 412,3,687
10,MACAPÁ,1104 - ESCOLA ESTADUAL SAO JOAQUIM DO PACUI,"RUA MARCOS BOTAS, 719",69; 70; 365,3,938
10,MACAPÁ,1120 - ESCOLA ESTADUAL JOÃO MACIEL AMANAJÁS,RIO IPIXUNA SN,72; 428,2,453
10,MACAPÁ,1139 - ESCOLA MUNICIPAL TEIXEIRA DE FREITAS,VILA DE SAO PEDRO DOS BOIS SN,73,1,154
10,MACAPÁ,1147 - ESCOLA ESTADUAL SEBASTIAO CORDEIRO DE SENA,"ROD. AP 70, 1120,",74; 373,2,495
10,MACAPÁ,1155 - ESCOLA ESTADUAL SAO TOME DO PACUI,"RUA JOÃO FREITAS, 195",75,1,292
10,MACAPÁ,1163 - ESCOLA QUILOMBOLA ESTADUAL JOSÉ BONIFÁCIO,"RUA SANTO ANTÔNIO, 129",76; 243; 368; 486,4,1075
10,MACAPÁ,1198 - ESCOLA MUNICIPAL JARDIM FELICIDADE,RUA VEREADOR JULIO MARIA PINTO PEREIRA 629,80; 81; 82; 83; 84; 85; 115; 130; 298; 330; 357,11,3760
10,MACAPÁ,1210 - ESCOLA QUILOMBOLA ESTADUAL DANIEL DE CARVALHO,RODOVIA 070 - KM 46,87; 338,2,694
10,MACAPÁ,1236 - ESCOLA ESTADUAL DE CARAPANATUBA,CARAPANATUBA RIBEIRINHA,91; 413,2,529
10,MACAPÁ,1252 - ESCOLA MUNICIPAL IRIDIO ROCHA DA CONCEIÇÃO,"RUA IRÍDIO ROCHA, S/N",94; 340; 485,3,713
10,MACAPÁ,1260 - ESCOLA ESTADUAL ANDRÉ NEVES ROSA,"RUA PRINCIPAL, 326",95,1,134
10,MACAPÁ,1279 - ESCOLA ESTADUAL MARIA DO CARMO VIANA DOS ANJOS,"RUA FRANCISCO ALVES CORRÊA, 30, JARDIM FELICIDADE II",96; 97; 98; 99; 100; 101; 102; 103; 324; 347; 390,11,3899
10,MACAPÁ,1309 - ESCOLA ESTADUAL BRASIL NOVO,"RUA FLORESTA, 15, BRASIL NOVO",106; 125; 138; 158; 490,5,1604
10,MACAPÁ,1317 - ESCOLA ESTADUAL PROFESSORA ESTHER DA SILVA VIRGOLINO,"RUA JOSE AURINO BORGES, 924",107; 127; 134; 140; 144; 163; 174; 257; 302; 345; 399; 440,12,4021
10,MACAPÁ,1325 - ESCOLA ESTADUAL RIVANDA NAZARE DA SILVA GUIMARAES,"RUA CÍCERO MARQUES DE SOUZA, 2874, NOVO HORIZONTE",108; 118; 119; 126; 132; 139; 143; 162; 227; 284; 309,11,4220
10,MACAPÁ,1368 - ESCOLA ESTADUAL SERAFINI COSTAPERARIA,"RUA JOSEFA PELAES DE SILVA, 2694",136; 164; 182; 228; 260; 295; 344,7,2728
10,MACAPÁ,1376 - ESCOLA ESTADUAL MARIA NEUZA DO CARMO,"RUA MILTON DE SOUZA CORREA , 500",135; 156; 171; 186; 205; 233; 258; 272; 300; 327; 382; 400,12,4634
10,MACAPÁ,1384 - ESCOLA MUNICIPAL QUILOMBOLA VELHO CHICO,BR 210 VILA DE CURRALINHO,142; 414,2,434
10,MACAPÁ,1392 - ESCOLA ESTADUAL RAIMUNDA DOS PASSOS SANTOS,"AV. LOURENCO ARAUJO DE SÁ, 2162, NOVO HORIZONTE",154; 167; 177; 178; 185; 193; 199; 207; 213; 283; 372,11,4240
10,MACAPÁ,1406 - ESCOLA ESTADUAL PROFESSORA ODETE ALMEIDA LOPES,"AV. RAIMUNDO REINALDO GUEDES FIGUEIRA, 151",153; 170; 184; 220; 336; 353,6,1998
10,MACAPÁ,1414 - ESCOLA ESTADUAL PROFESSORA VERA LUCIA PINON NERY,"AV. CARLOS LINS CORTES, 1405",152; 173; 188; 218; 266; 287; 306; 316; 323; 337; 356; 480; 491,13,4828
10,MACAPÁ,1422 - ESCOLA MUNICIPAL PROFESSOR JOSAFA AIRES DA COSTA,"RUA 1 DE JANEIRO, 974",151; 176; 196; 226; 248; 280; 332; 349; 367; 487,10,3696
10,MACAPÁ,1430 - ESCOLA MUNICIPAL BENEDITA TAVARES,"RUA CATANZAL, 232",160; 405,2,343
10,MACAPÁ,1457 - ESCOLA ESTADUAL JOAQUIM MANOEL DE JESUS PICANÇO,COMUNIDADE DO AMBE,189,1,120
10,MACAPÁ,1473 - ESCOLA ESTADUAL PROFESSORA ONEIDE PINTO LIMA,"RUA DAS FLORES, 254",194; 198; 262; 310; 333; 358,6,2231
10,MACAPÁ,1481 - ESCOLA ESTADUAL BERNADINO SILVA,"RUA PONTA GROSSA, 200",221; 224,2,262
10,MACAPÁ,1490 - ESCOLA ESTADUAL JOSÉ OLIVEIRA COELHO,VILA DE SÃO BENEDITO DO PACUÍ,225,1,246
10,MACAPÁ,1503 - ESCOLA MUNICIPAL PROFESSOR JOSÉ LEOVES DE LIMA TEIXEIRA,"RUA RENASCIMENTO, 2041",200; 211; 217; 240; 254; 268; 282; 292; 305; 437; 492,11,4003
10,MACAPÁ,1511 - ESCOLA ESTADUAL PROFESSORA RAIMUNDA DA SILVA VIRGOLINO,"RUA FERNANDO ALVES DE OLIVEIRA, 3091",216; 229; 234; 242; 250; 322; 381; 395; 418,9,2987
10,MACAPÁ,1520 - ESCOLA ESTADUAL PROFESSOR ANTONIO FERREIRA DE LIMA NETO,AV. FRANCISCO FELIPPE DE MIRANDA  NERY - 2336,201; 210; 215; 231; 241; 251; 265; 294; 314; 328; 343; 348; 386,13,5080
10,MACAPÁ,1546 - ESCOLA ESTADUAL PROFESSORA MARIA CAVALCANTE DE AZEVEDO PICANÇO,"RUA CAJUEIRO, 543, BRASIL NOVO",179; 191; 206; 223; 238; 255; 264; 270; 285; 289; 304; 312; 375,13,5016
10,MACAPÁ,1554 - ESCOLA ESTADUAL PROFESSORA MARIA JOSÉ SOUZA E SILVA,"AV. FRANCISCO ALVES, 2356",122; 239,2,687
10,MACAPÁ,1570 - ESCOLA MUNICIPAL SÃO RAIMUNDO DO PARAÍSO,MARGEM ESQUERDA DO RIO PEDREIRA,235,1,286
10,MACAPÁ,1589 - ESCOLA ESTADUAL SÃO SEBASTIÃO,VILA DE SÃO SEBASTIÃO DA BOA VISTA,253,1,230
10,MACAPÁ,1597 - ESCOLA ESTADUAL ANTONIO BRAULIO DE SOUZA,"BR 156 - KM 30, MEL DA PEDREIRA",279,1,144
10,MACAPÁ,1635 - ESCOLA ESTADUAL NOSSA SENHORA DE NAZARÉ,"AV. AMAZONAS, N 432",350; 384; 460,3,1072
10,MACAPÁ,1660 - ESCOLA ESTADUAL DE TEMPO INTEGRAL PROFESSOR. DARCY RIBEIRO,"AV. JOSÉ FERREIRA CHUCRE, 2420",301; 318; 331; 339; 361; 392,6,2200
10,MACAPÁ,1678 - ESCOLA ESTADUAL RISALVA FREITAS DO AMARAL,"AV CECILIA VICENTE DA PAIXÃO, S/N",313; 319; 326; 362; 380; 397; 427; 481,8,2930
10,MACAPÁ,1694 - ESCOLA MUNICIPAL LÚCIA NEVES DENIUR,"ALAMEDA CIRIGUELA, N 1088",315; 320; 325; 334; 370; 402,6,2287
10,MACAPÁ,1708 - ESCOLA ESTADUAL NAZARÉ DA PEDREIRA,VILA LONTRA DA PEDREIRA,389,1,259
10,MACAPÁ,1724 - ESCOLA ESTADUAL PROFESSOR ANTONIO MUNHOZ LOPES,CONJUNTO HABITACIONAL MACAPABA,360; 369; 378; 388; 398; 403; 421; 425; 435; 455; 488,11,4178
10,MACAPÁ,1732 - ESCOLA MUNICIPAL SANDRA LOBATO FERREIRA,"AV MARIA CAVALCANTE DE AZEVEDO PICANÇO, 505",422; 453,2,463
10,MACAPÁ,1740 - ESCOLA ESTADUAL DOM JOSÉ MARITANO,"AV. ALEXANDRE FERREIRA DA SILVA, 2204",420; 426,2,478
10,MACAPÁ,1767 - ESCOLA MUNICIPAL JOÃO ROLINDO DO CARMO,IGARAPÉ AMAZONAS,431,1,141
10,MACAPÁ,1848 - ESCOLA ESTADUAL PROFESSOR. CARLOS ALBERTO VIANA MARQUES,CONJUNTO HABITACIONAL MIRACEMA - BLOCO 24,443; 457; 465; 484,4,1120
10,MACAPÁ,1856 - ESCOLA ESTADUAL PROFESSORA MARLY MARIA E SOUZA E SILVA,"RUA 12 - LOTE 01, QUADRA 18, SUB LOTE 04, 2110",449; 489,2,456
10,MACAPÁ,1864 - ESCOLA MUNICIPAL SANDRA DO SOCORRO TOLOSA DA SILVA,"AV. CID BROGES DE SANTANA, 2237",445; 482,2,447
10,MACAPÁ,1872 - ESCOLA ESTADUAL SÃO LÁZARO,"AV. JOSÉ ALVES PESSOA, 209",446,1,125
10,MACAPÁ,1880 - ESCOLA ESTADUAL MARIA MÃE DE DEUS,"RUA LARANJEIRAS, 458",444; 483,2,588
10,MACAPÁ,1899 - ESCOLA MUNICIPAL PROFESSORA ELIANA FLEXA VILHENA,"RUA CLODOALDO DA SILVA MATIAS, 1550",447,1,186
10,MACAPÁ,1902 - ESCOLA MUNICIPAL MARIA CELES FERREIRA COUTINHO,"AV. DOS IPÊS, 417",448; 479,2,644
10,MACAPÁ,1910 - ESCOLA QUILOMBOLA ESTADUAL NESTOR BARBOSA DA SILVA,"RODOVIA ALCEU PAULO RAMOS, 2091",450,1,258
10,MACAPÁ,1929 - ESCOLA ESTADUAL OLENDINA FERREIRA DO ROSARIO,COMUNIDADE DO CAROBAL,451,1,59
10,MACAPÁ,1970 - ESCOLA ESTADUAL ARIRI,"BR 210 - KM 33, NÚMERO 2148",466,1,271
10,MACAPÁ,1988 - ESCOLA ESTADUAL TESSALONICA,VILA TESSALONICA SN,467; 468,2,376
10,MACAPÁ,1996 - ESCOLA QUILOMBOLA ESTADUAL ANTÔNIO FIGUEIREDO DA SILVA,"BR 156 MACAPA - JARI, KM 21",469; 470,2,410
10,MACAPÁ,2003 - ESCOLA QUILOMBOLA ESTADUAL GENERAL CARROMBERT PEREIRA DA COSTA,"BR - 156 - KM 12, ILHA REDONDA",471; 472,2,364
10,MACAPÁ,2011 - ESCOLA ESTADUAL PROFESSOR RAIMUNDO PEREIRA DA SILVA,VILA DE MARUANUM SN,473; 474; 475,3,814
10,MACAPÁ,2020 - ESCOLA ESTADUAL SÃO PEDRO DO CARANÃ,"RIO MATAPI, KM 40, BR 156",476,1,133
10,MACAPÁ,2038 - ESCOLA MUNICIPAL CAMPINA GRANDE VALMITO MORAES BRAZÃO,"ROD MACAPÁ - LARANJAL DO JARI, KM 21",477; 478,2,184
14,MACAPÁ,1031 - CENTRO DE EDUCAÇÃO PROFISSIONAL GRAZIELA REIS,AV DUQUE DE CAXIAS - 60,6; 7; 8; 9; 10; 11; 12; 13; 14,9,2044
14,MACAPÁ,1040 - CENTRO EDUCACIONAL IRMÃ CARMELA BONASSI,"AV. DEZOITO, 1792",15; 16; 17; 18; 19,5,2198
14,MACAPÁ,1058 - E. E. PROFª DEUZUITE CAVALCANTE,"AV. JOSÉ TUPINAMBÁ, 556, PERPÉTUO SOCORRO",20; 21; 22; 23; 24; 25; 26; 27,8,3102
14,MACAPÁ,1066 - E. E. SANTUÁRIO PERPÉTUO SOCORRO,"AV. JOSÉ TUPINAMBÁ  113,  PERPÉTUO SOCORRO",28; 29; 30; 31; 32; 33,6,2082
14,MACAPÁ,1074 - E.E JOSE DE ALENCAR,RUA CANDIDO MENDES 269,34; 35; 36; 37; 38; 39; 40; 41; 42,9,2912
14,MACAPÁ,1082 - E.M.E.F. JOSE DUARTE DE AZEVEDO,"RUA SAO PAULO, 670",43; 44; 45; 46; 47; 48; 49; 50; 51; 52,10,3524
14,MACAPÁ,1090 - E.M.E.I.  MUNDO DA CRIANÇA,AV. PARAIBA - 201,53; 54; 55; 56; 57; 58; 59,7,2200
14,MACAPÁ,1104 - EEEF ARACARY CORREA ALVES,"RUA RIO JAVARI, N 23",60; 61; 62; 63; 64; 65,6,2033
14,MACAPÁ,1112 - EEEF AUGUSTO DOS ANJOS,"AV. MARCILIO DIAS, S/N",66; 67; 68; 69; 70,5,1938
14,MACAPÁ,1120 - EEEF GENERAL AZEVEDO COSTA,AV. JOSE ANTONIO SIQUEIRA 111,71; 72; 73; 74; 75; 76; 77; 78; 79; 80; 81,11,3845
14,MACAPÁ,1139 - EEEF MARIA IVONE DE MENEZES,RUA ANTONIO PELAES DE SOUZA 1320,82; 83; 84; 85; 86; 87; 88; 89; 90; 91; 92,11,4236
14,MACAPÁ,1147 - EEEF MARIO DAVID ANDREAZZA,RAIMUNDO RAMOS DOS PASSOS 495,93; 94; 95; 96; 97; 98; 99; 100; 101,9,3537
14,MACAPÁ,1155 - EMEF EUNICE DAS CHAGAS FERNANDES SOUZA,RUA GUANABARA - 372,102; 103; 104; 105; 106; 107; 108; 109,8,2035
14,MACAPÁ,1163 - EMEF MAESTRO MIGUEL ALVES DA SILVA,"RUA QUINTINO JUSTO DE ALMEIDA, 120",110; 111; 112; 113; 114; 115,6,2076
14,MACAPÁ,1171 - EMEF RONDONIA,RUA JOVINO DINOA 741,116; 117; 118; 119; 120; 121; 122,7,2441
14,MACAPÁ,1180 - EPG CASTRO ALVES,"AV. PEDRO AMERICO, 114",123; 124; 125; 126; 127,5,1743
14,MACAPÁ,1198 - EPG EDGAR LINO DA SILVA,"AV. ANA NERY, 233",128; 129; 130; 131; 132; 133; 134; 135,8,2683
14,MACAPÁ,1201 - EPG JESUS DE NAZARÉ,"AV PRINCESA IZABEL, 255",136; 137; 138; 139; 140; 141; 142; 143,8,2768
14,MACAPÁ,1210 - EPG PROF DEUSOLINA SALES FARIAS,"RUA GOIAS, 107",144; 145; 146; 147; 148; 149; 150; 151; 152; 153; 154; 155,12,4018
14,MACAPÁ,1236 - EEEF PROF HELENISE WALMIRA DIAS DOS SANTOS,LINHA B DO KM 09 S/N,157; 158; 159,3,801
14,MACAPÁ,1252 - ESCOLA ESTADUAL ANTONIO CORDEIRO PONTES,"AV FAB  , 264",162; 163; 164; 165; 166; 167,6,1438
14,MACAPÁ,1309 - ESCOLA ESTADUAL GUANABARA,"RUA ELIEZER LEVI, 1601",195; 196; 197; 198; 199; 200; 201,7,1516
14,MACAPÁ,1325 - ESCOLA ESTADUAL  JOSÉ DE ANCHIETA,"AV CORA DE CARVALHO, SN",214; 215; 216; 217; 218; 219; 220; 221; 222; 223; 224; 225,12,3468
14,MACAPÁ,1341 - ESCOLA ESTADUAL MARIA DO SOCORRO ANDRADE SMITH,CONJUNTO CABRALZINHO                  CABRALZINHO        SN,237; 238; 239; 240; 241; 242; 243; 244; 245,9,3135
14,MACAPÁ,1350 - ESCOLA ESTADUAL PREDICANDA CARNEIRO AMORIM LOPES,RUA RIO GRANDE DO SUL                     131,246; 247; 248; 249; 250; 251; 252; 253,8,2893
14,MACAPÁ,1368 - ESCOLA ESTADUAL PROF. NILTON BALIEIRO MACHADO,"DECIMA QUINTA AVENIDA, S/N (ESQUINA COM A QUINTA RUA)",254; 255; 256; 257; 258; 259; 260; 261; 262; 263; 264; 265; 439; 440,14,5307
14,MACAPÁ,1384 - ESCOLA ESTADUAL PROF.GABRIEL ALMEIDA CAFÉ,"AV FAB, 091",269; 270; 271; 272; 273; 274; 275; 276; 277; 278; 279; 280,12,2909
14,MACAPÁ,1406 - ESCOLA ESTADUAL PROFº. LUCIMAR AMORAS DEL CASTILLO,"AV CORA DE CARVALHO, SN",292; 293,2,544
14,MACAPÁ,1449 - ESCOLA ESTADUAL TIRADENTES,RUA SANTOS DUMONT         128      SANTA RITA,307; 308; 309; 310; 311; 312; 313; 314; 315; 316; 317; 318; 319,13,4062
14,MACAPÁ,1465 - ESCOLA MUNICIPAL DE ENSINO FUNDAMENTAL ARACY NASCIMENTO,RUA MARCELO CANDIA                  615,322; 323; 324; 325; 326; 327; 328,7,1509
14,MACAPÁ,1473 - ESCOLA MUNICIPAL DE ENSINO FUNDAMENTAL GOIAS,RUA SAO FRANCISCO DE ASSIS N 62,329; 330; 331; 332; 333,5,1590
14,MACAPÁ,1490 - ESCOLA MUNICIPAL DE ENSINO FUNDAMENTAL RAIMUNDA DE LIMA GUEDES,RUA 07 - N 194,343; 344; 345; 346; 347; 348; 349; 350; 351,9,2432
14,MACAPÁ,1503 - ESCOLA MUNICIPAL DE ENSINO INFANTIL MEU PE DE LARANJA LIMA,"AV. CORA DE CARVALHO, 137",352; 353; 354; 355; 356,5,1249
14,MACAPÁ,1511 - ESCOLA QUILOMBOLA ESTADUAL DAVID MIRANDA DOS SANTOS,COMUNIDADE QUILOMBOLA SÃO JOSÉ DO MATAPI,357,1,191
14,MACAPÁ,1538 - SEST/SENAT,RODOVIA DUCA SERRA,369; 370,2,754
14,MACAPÁ,1546 - UNIVERSIDADE DO ESTADO DO AMAPÁ - UEAP,"AV PRESIDENTE VARGAS,650",371; 372; 373; 374; 375; 376; 377; 378; 379; 380; 381; 382; 383,13,2562
14,MACAPÁ,1554 - ESCOLA ESTADUAL BENTO TOLOSA DE SANTANA,FOZ DO GURIJUBA,384; 385; 386,3,314
14,MACAPÁ,1562 - ESCOLA ESTADUAL CLAUDIO DOS SANTOS BARBOSA,VILA PROGESSO,387; 388; 389; 390; 391; 392,6,1873
14,MACAPÁ,1570 - ESCOLA ESTADUAL FRANCO GRANDE,"ILHA DO FRANCO GRANDE, SN",393,1,307
14,MACAPÁ,1589 - ESCOLA ESTADUAL IGARAPÉ GRANDE DA TERRA GRANDE,IGARAPÉ GRANDE,394; 395,2,402
14,MACAPÁ,1597 - ESCOLA ESTADUAL ITAMATATUBA,VILA DE ITAMATATUBA,396; 397; 398,3,442
14,MACAPÁ,1600 - ESCOLA ESTADUAL MANOEL PEREIRA HERCULANO-JABURUZINHO,COMUNIDADE DE JABURUZINHO,399; 400,2,195
14,MACAPÁ,1619 - ESCOLA ESTADUAL MARIA JOSE CAMPELO DA SILVA,LOCALIDADE LIMAO DO CURUA,401; 402,2,443
14,MACAPÁ,1635 - ESCOLA MUNICIPAL DE ENSINO FUNDMENTAL ROSA DE SHARON,ILHA DO BRIGUE - MACEDONIA                     SN,406; 407; 408; 409,4,814
14,MACAPÁ,1643 - ESCOLA MUNICIPAL DE EDUCAÇÃO INFANTIL LUZIA COSTA DA SILVA,"RUA SÃO FRANCISCO DE ASSIS, 1430",438,1,26
14,MACAPÁ,1651 - ESCOLA ESTADUAL ROSA DOS SANTOS SARGES,COMUNIDADE DO ARRAIOL,403; 404; 405,3,275
1,AMAPÁ,1015 - ESCOLA ESTADUAL VEIGA CABRAL,"PRAÇA BARÃO DO RIO BRANCO, S/N",1; 2; 29; 34,4,1073
1,AMAPÁ,1104 - ESCOLA ESTADUAL VIDAL DE NEGREIROS,"AV. DESIDERIO ANTONIO COELHO, 470",12; 17; 18; 19; 21; 30; 31; 33; 35,9,2454
1,AMAPÁ,1163 - ESCOLA ESTADUAL PROFª MARIA ESMERALDA MARTINS DE MOURA,"RUA GUARANY, 743",84; 90,2,479
1,AMAPÁ,1171 - ESCOLA MUNICIPAL LOURENÇO BORGES FAÇANHA,"JUSCELINO KUBSTCHEK, 119",20; 32; 77,3,1045
1,AMAPÁ,1260 - ESCOLA ESTADUAL ROZENDO NASCIMENTO FILHO,VILA DO PIQUIA,43; 86,2,349
1,AMAPÁ,1279 - ESCOLA MUNICIPAL FRANCISCO ALVES DE OLIVEIRA,RUA JANARY GENTIL NUNES,47; 49,2,720
1,AMAPÁ,1295 - ESCOLA ESTADUAL MARIA DO CÉU GONÇALVES DIAS,"AV GUARANY, S/N",76; 83; 91,3,797
1,AMAPÁ,1309 - ESCOLA MUNICIPAL DO CRUZEIRO,VILA DO CRUZEIRO,79; 92,2,254
1,CALÇOENE,1015 - ESCOLA ESTADUAL PROFº. SILVIO ELITO DE LIMA SANTOS,"AV MANOEL SARMENTO, N. 0266",50; 51; 52; 53; 54; 85,6,1950
1,CALÇOENE,1023 - ESCOLA ESTADUAL LOBO D ALMADA,"AV PADRE MARCOS, N. 727",55; 56; 57; 58; 59,5,1378
1,CALÇOENE,1031 - ESCOLA ESTADUAL IVANILDO FORTE SILVA,"RUA DAS FLORES, S/N, CENTRO, DISTRITO DO CARNOT",60; 61; 81,3,801
1,CALÇOENE,1040 - ESCOLA ESTADUAL JUVENAL GUIMARÃES TEIXEIRA,AVENIDA JOSE LOURENÇO,62; 63; 64; 65; 66,5,1820
1,CALÇOENE,1058 - ESCOLA DE ESTADUAL DE ENSINO DE 1º GRAU JOSE RODRIGUES CORDEIRO,"AV MANOEL SARMENTO, SN, CENTRO",67; 68; 82,3,918
1,CALÇOENE,1074 - ESCOLA ESTADUAL AMARO BRASILINO  DE FARIAS FILHO,"AVENIDA EULÁLIO MODESTO, N 2408",70; 71; 72; 75,4,1044
1,CALÇOENE,1082 - E. M. PROF.ª NELMA SUELI BARATA ALVES,"RUA PADRE DÁRIO, S/N, PALMEIRAS",73; 74,2,749
1,PRACUÚBA,1058 - ESCOLA ESTADUAL PEDRO TEIXEIRA,"RAMAL DO PRACUUBA, S/N",26; 27,2,543
1,PRACUÚBA,1112 - ESCOLA MUNICIPAL AUGUSTO ROCHA DE OLIVEIRA,"AV. VILA SÃO PEDRO, S/N",13; 39; 40; 41; 44; 46; 48,7,2112
1,PRACUÚBA,1120 - ESCOLA MUNICIPAL PROFº EVANDRO MARTINS RIBEIRO,"BR 156, KM 270",14; 88,2,328
1,PRACUÚBA,1228 - ESCOLA ESTADUAL PEDRO MACIEL FILHO,"BR-156, N. 547",22; 42,2,592
4,OIAPOQUE,1015 - ESCOLA DE PRIMEIRO GRAU JOAQUIM CAETANO DA SILVA,AVENIDA JOAQUIM CAETANO DA SILVA,1; 2; 3; 12; 19; 24; 27; 30; 34; 37; 43,11,2993
4,OIAPOQUE,1023 - ESCOLA DE PRIMEIRO GRAU JOAQUIM NABUCO,RUA LELIO SILVA,4; 13; 14; 15; 17; 18; 26; 28; 29; 31; 32; 33; 35; 94,14,3886
4,OIAPOQUE,1040 - ESCOLA DE PRIMEIRO GRAU MANGA,ALDEIA MANGA,6; 20; 66; 86,4,1073
4,OIAPOQUE,1058 - E. Q. E. VILA VELHA (VILA VELHA DO CASSIPORÉ),VILA DO CASSIPORE,7; 8,2,245
4,OIAPOQUE,1082 - ESCOLA DE PRIMEIRO GRAU URUCAUA,VILA KUMENE,10; 25; 69; 85,4,1056
4,OIAPOQUE,1090 - ESCOLA DE PRIMEIRO GRAU KUMARUMA,ALDEIA KUMARUMA,11; 23; 48; 72,4,1088
4,OIAPOQUE,1104 - ESCOLA DE PRIMEIRO GRAU SANTA ISABEL,ALDEIA SANTA ISABEL,21; 45,2,495
4,OIAPOQUE,1120 - CAMPUS UNIVERSITÁRIO BINACIONAL - UNIFAP,BR 156 - KM 01,39; 47; 49; 56; 58; 59; 60; 64; 84; 89,10,2773
4,OIAPOQUE,1139 - EMEF PROFª ONÉDIA PAIS BENTES - ANEXO DA BR,"AVENIDA ESTEVAO HENRIQUE, 180 - FM",40; 57; 68; 82; 93,5,1386
4,OIAPOQUE,1147 - ESCOLA MUNICIPAL VILA VITÓRIA,VILA VITÓRIA - MARGEM DIREITA DO RIO OIAPOQUE,41; 54; 65; 87,4,993
4,OIAPOQUE,1163 - ESCOLA INDÍGENA ESTADUAL JOÃO TEODORO FORTES,ALDEIA ESPÍRITO SANTO - MARGEM DO RIO KURIPI,46; 75,2,436
4,OIAPOQUE,1171 - ESCOLA ESTADUAL MÁRCIA DO SOCORRO LIMA DE FRANÇA,"RUA NORBERTO PENNAFORT, N 713, CENTRO",5; 16; 50; 51; 52; 53,6,1607
4,OIAPOQUE,1180 - ESCOLA MUNICIPAL PROFESSOR RUI MARQUES LOBO,"AVENIDA BARÃO DO RIO BRANCO, 960",61; 62; 63; 67; 70; 81,6,1667
4,OIAPOQUE,1201 - IFAP - INSTITUTO FEDERAL DO AMAPÁ,RUA JOAQUIM CAETANO DA SILVA,71; 73; 74; 76; 77; 78; 83; 88; 90; 91,10,2133
4,OIAPOQUE,1228 - ESCOLA MUNICIPAL DE EDUCAÇÃO INFANTIL DO ABC,"R. HONÓRIO CAETANO DA SILVA, 315 - CENTRO, OIAPOQUE - AP",42; 55; 80,3,828
4,OIAPOQUE,1236 - EMEF ANETE FARIAS DA SILVA,"RUA LÉLIO SILVA, N 261, CENTRO",36; 38; 92,3,842
5,MAZAGÃO,1015 - ESCOLA ESTADUAL DR. MURILO BRAGA,"AV PREFEITO OSMUNDO COSTA, 439",1; 2; 5; 66; 82; 84; 85; 108; 129,9,2022
5,MAZAGÃO,1023 - ESCOLA ESTADUAL PROFESSORA ANTÔNIA SILVA SANTOS,"TRAVESSA NOSSA SENHORA DE ASSUNÇÃO, N 0421",6; 49; 81; 118,4,1166
5,MAZAGÃO,1066 - ESCOLA ESTADUAL RIO NAVIO,RIO AMAZONAS,10; 107,2,346
5,MAZAGÃO,1074 - ESCOLA MUNICIPAL VILHENA ALVES,"FOZ DO RIO CAMAIPI, 58",11; 116,2,403
5,MAZAGÃO,1120 - ESCOLA ESTADUAL PROFª MARIA DA SILVA MENDES,"VILA SÃO PEDRO, LAGO DO AJURUXI",30; 79; 120,3,681
5,MAZAGÃO,1139 - ESCOLA MUNICIPAL DO RIO ARIRAMBA,VILA RIO ARIRAMBA,29; 86; 95,3,614
5,MAZAGÃO,1155 - ESCOLA ESTADUAL OSMUNDO VALENTE BARRETO,BRAÇO DO RIO AJURUXI,32; 80; 128,3,810
5,MAZAGÃO,1198 - ESCOLA ESTADUAL JOSE HILARIO,FOZ DO RIO PRETO,42; 119,2,397
5,MAZAGÃO,1201 - ESCOLA ESTADUAL FAGUNDES VARELA,"RUA JOSE DOS REIS BARRETO, 1313 - CENTRO",41; 72; 104; 122,4,971
5,MAZAGÃO,1210 - ESCOLA ESTADUAL EVILÁSIO PEDRO DE LIMA FERREIRA,"RODOVIA MACAPA JARI BR 156 KM 132, S/N",62; 71; 83; 109; 127; 131,6,1239
5,MAZAGÃO,1228 - ESCOLA ESTADUAL DOM PEDRO I,"AV INTENDENTE ALFREDO PINTO, 1205",27; 35; 63; 65; 87; 89; 92; 96,8,1877
5,MAZAGÃO,1236 - ESCOLA ESTADUAL DE 1º GRAU PIQUIAZAL,"COMUNIDADE SÃO FRANCISCO DO ASSENT. AGRÍCOLA PIQUIAZAL, S/N.",64; 126,2,369
5,MAZAGÃO,1244 - ESCOLA ESTADUAL MANOEL QUEIROZ BENJAMIM,"RUA PRESIDENTE VARGAS, SN",70; 88; 91; 93; 97; 105; 112,7,1687
5,MAZAGÃO,1252 - ESCOLA MUNICIPAL DOMINGOS VALENTE BARRETO,"RUA SANTA RITA, SN",53; 54; 56; 69; 101; 103; 121,7,2182
5,MAZAGÃO,1279 - ESCOLA MUNICIPAL PROFª IZIDORIA DA SILVA REIS,FOZ DO RIO MAZAGAO VELHO,67; 90; 102,3,726
5,MAZAGÃO,1317 - ESCOLA ESTADUAL PRESIDENTE TANCREDO NEVES,COMUNIDADE DO RIO BANHA GRANDE,76; 110,2,407
5,MAZAGÃO,1384 - ESCOLA MUNICIPAL PROF. OTAVIO CALDEIRA AFONSO,"TRAVESSA 3, S/N",99; 100; 106; 117; 125,5,1126
5,MAZAGÃO,1422 - ESCOLA MUNICIPAL AMELIA DO NASCIMENTO RODRIGUES,"TRAVESSA DA OLARIA, S/N",36; 51; 52; 113; 123,5,1200
5,MAZAGÃO,1430 - ESCOLA MUNICIPAL PROFESSORA LUCICARME DO CARMO BARRETO,"RUA BARAO DO RIO BRANCO, S/N",3; 4; 115,3,791
5,MAZAGÃO,1449 - ESCOLA MUNICIPAL TIA RAIMUNDA PUREZA,"RUA VEIGA CABRAL, S/N",94; 98; 114; 124,4,945
6,SANTANA,1015 - E.P.G. ELIZABETH PICANCO ESTEVES,"AV. DAS NAÇÕES, 678",1; 2; 3; 4; 5; 76; 81; 82; 93; 146; 160; 194; 203,13,4815
6,SANTANA,1023 - E.E. OSVALDINA FERREIRA DA SILVA,"RUA PETER VAN SCHUPEMBERG, 90",6; 72; 133; 165; 187; 226; 261,7,2615
6,SANTANA,1031 - E.E. FRANCISCO DE OLIVEIRA FILHO (ANAUERAPUCU),"RODOVIA MACAPÁ / MAZAGÃO, S/N",7; 130; 174; 262,4,1348
6,SANTANA,1058 - E.P.G. JOSE BARROSO TOSTES,"AV. 7 DE SETEMBRO, 186",9; 10; 11; 12; 13; 14; 15; 16; 17; 18; 19; 20,12,3542
6,SANTANA,1066 - E.P.G. AMAZONAS,"AV. 15 DE NOVEMBRO, 1132",21; 22; 23; 24; 25; 26; 27; 28; 29; 30,10,3177
6,SANTANA,1074 - E.E.T.I.  AUGUSTO ANTUNES,"TRAVESSA PEDRO SALVADOR DINIZ, 1631",36; 37; 38; 39; 40; 94; 100; 108; 117; 125; 138; 221; 233; 248; 255; 266,16,5470
6,SANTANA,1082 - E.P.G. JOANIRA DEL CASTILO,"TV. PEDRO TEIXEIRA, 194",49; 50; 51; 73; 77; 83; 84; 85; 86; 95; 156,11,2912
6,SANTANA,1090 - E. E. BELMIRO MACEDO MEDINA,"VILA IGARAPE DO LAGO, S/N",52; 78,2,489
6,SANTANA,1104 - E.P.G. PIAUI,"RUA CRISTO REI, 01",53; 54; 55; 75; 96; 263,6,1727
6,SANTANA,1112 - E.E. ALMIRANTE BARROSO,"AV. 7 DE SETEMBRO, 533",56; 63; 64; 65; 74; 80; 87; 88; 97; 123; 151; 164,12,3594
6,SANTANA,1120 - E.P.G. PADRE ANGELO BIRACHI,"RUA GENERAL EMILIO GARRASTAZU MEDICI, 796",70; 79; 89; 90; 91; 155; 180; 206,8,3004
6,SANTANA,1139 - E.E. ALBERTO SANTOS DUMONT (ELESBÃO),"RAMAL DA OLARIA, 286",71; 92; 127; 163; 198; 235; 257; 280,8,2741
6,SANTANA,1147 - E.P.G. JOSE DE RIBAMAR PESTANA,"TV. PALMIRA MIRANDA DE ANDRADE, 540",31; 32; 33; 34; 35; 99; 103; 107; 126; 137; 158,11,3749
6,SANTANA,1155 - E.E. PROF. FRANCISCO WALCY LOBATO LIMA,"AV. MARIA COLARES, 1940",41; 42; 43; 44; 45; 46; 47; 48; 116; 129; 136; 211; 231; 247; 268,15,4614
6,SANTANA,1163 - E.E. AFONSO ARINOS,"AV. AMAPA, 825",57; 58; 59; 60; 61; 62; 122; 141; 173; 183; 259,11,3792
6,SANTANA,1180 - E.E. MARIA CATARINA DANTAS TIBURCIO,"AV. MARIA IZABEL PEREIRA DA SILVA, 110",104; 106; 111; 120; 131; 147; 161; 177; 190; 202,10,3372
6,SANTANA,1198 - E.E. FONTE NOVA,"AV. DOM PEDRO I, 4286",112; 119; 135; 170; 196; 208; 216; 220; 264; 267,10,2755
6,SANTANA,1201 - E.E. PROF. IZANETE VICTOR DOS SANTOS,"AV. COELHO NETO, 828",115; 121; 128; 140; 150; 162; 176; 185; 199; 207; 275,11,4038
6,SANTANA,1210 - E.E. IGARAPE DA FORTALEZA,"RUA RIO MATAPI, 121",113; 124; 144; 153; 167; 178; 192; 205; 260,9,3381
6,SANTANA,1228 - E.P.G MATAO I,COMUNIDADE DO RAMAL I DO PIACACA,118; 168; 254,3,256
6,SANTANA,1244 - E.M. PROFESSORA MARIA ILNAH DE SOUZA,"RUA ADALVARO ALVES CAVALCANTE, 2060",134; 159; 193; 204; 250,5,1769
6,SANTANA,1252 - E.E. SAO BENTO,"RUA GENERAL EMILIO GARRASTAZU MEDICI, 844",98; 101; 109; 110; 145,5,1552
6,SANTANA,1260 - ESCOLA ESTADUAL SÃO JOÃO APÓSTOLO,"AV. MARIA COLARES, 1905",143; 157; 172; 175; 182; 184; 186; 195; 210; 222; 265,11,2361
6,SANTANA,1279 - E.M. PROF. IRANILDE,"RUA D-6, 12",142; 152; 171; 189; 200; 239; 276,7,2438
6,SANTANA,1287 - E.E. RODOVAL BORGES SILVA,"TRAVESSA L-8, 05",132; 148; 154; 169; 181; 188; 197; 201; 209; 251; 258; 277,12,4385
6,SANTANA,1295 - E.E. FOZ DO RIO PIRATIVA,COMUNIDADE SÃO RAIMUNDO DO PIRATIVA,149; 243,2,482
6,SANTANA,1333 - ESCOLA MUNICIPAL GENTILA ANSELMO NOBRE,"RUA EVERALDO VASCONCELOS, 365",214; 229; 244,3,897
6,SANTANA,1341 - ESCOLA ESTADUAL SAO PAULO APOSTOLO,"AVENIDA SAO PAULO APOSTOLO, 2384",218; 219; 237; 238; 252; 269,6,1399
6,SANTANA,1368 - ESCOLA ESTADUAL DENISE DE MELO VASCONCELOS,"TRAVESSA 24, 145",212; 230; 245; 256,4,1074
6,SANTANA,1384 - ESCOLA ESTADUAL ANA DIAS DA COSTA,"RODOVIA SALVADOR DINIZ, 1414",215; 227; 241,3,528
6,SANTANA,1392 - ESCOLA ESTADUAL PADRE SIMAO CORRIDORI,"RUA CLAUDIO LUCIO MONTEIRO, 1737",213; 224; 232; 236; 246; 273,6,1725
6,SANTANA,1414 - ESCOLA MUNICIPAL BASICA PARAISO DA CIDADANIA - BIRAGUINHO,"RUA JK, 690",217; 228; 240,3,652
6,SANTANA,1430 - ESCOLA MUNICIPAL NOSSA SENHORA DA CONCEICAO,"AV. JOSE DE ANCHIETA, 399-A",223; 225; 234; 242; 253,5,1049
6,SANTANA,1457 - IFAP INSTITUTO FEDERAL DO AMAPA,RODOVIA DUCA SERRA 1133,66; 67; 68; 69; 102; 105; 114; 139; 166; 179; 191,11,3339
7,LARANJAL DO JARI,1023 - ESCOLA DE 1 GRAU AGUA BRANCA DO CAJARI,VILA ÁGUA BRANCA DO CAJARI,2; 3; 185,3,750
7,LARANJAL DO JARI,1040 - ESCOLA ESTADUAL SONIA HENRIQUES BARRETO,"AVENIDA TANCREDO NEVES, N. 1174",69; 112; 115; 118; 122; 123; 125; 127,8,2133
7,LARANJAL DO JARI,1058 - ESCOLA ESTADUAL MARIA DE NAZARÉ RODRIGUES DA SILVA,"RUA CULTURA, N 277",30; 31; 32; 36; 37; 38; 53; 56; 68; 77; 86,11,2945
7,LARANJAL DO JARI,1066 - ESCOLA ESTADUAL MINEKO HAYASHIDA,"AVENIDA TANCREDO NEVES, 1304",23; 24; 25; 26; 58; 65; 71; 117; 124; 128,10,1935
7,LARANJAL DO JARI,1074 - ESCOLA ESTADUAL PADARIA,"MARGENS DO RIO JARI, N. 1216",41; 79,2,261
7,LARANJAL DO JARI,1090 - ESCOLA MUNICIPAL RAIMUNDA RODRIGUES CAPIBERIBE,"AVENIDA TANCREDO NEVES, N. 901",42; 43; 44; 47; 49; 52; 66; 73,8,1570
7,LARANJAL DO JARI,1104 - ESCOLA MUNICIPAL TEREZINHA LIMA QUEIROGA DE SOUZA,"AVENIDA MAZAGÃO, N. 105",27; 29; 54; 57; 61,5,1836
7,LARANJAL DO JARI,1112 - ESCOLA MUNICIPAL PAULO FREIRE,"RUA RIO BRANCO C/ AV. JOSÉ CEZÁRIO, N. 2001",14; 15; 16; 106; 110,5,1248
7,LARANJAL DO JARI,1120 - CENTRO EDUCACIONAL WEBER EIDER QUEMEL,AV NILO PEÇANHA,17; 18; 19; 60,4,1572
7,LARANJAL DO JARI,1139 - ESCOLA ESTADUAL PROF. VANDA MARIA DE SOUZA CABETE,"AV. FORTALEZA, N. 1456",20; 21; 22; 28; 51; 81; 114; 169,8,2146
7,LARANJAL DO JARI,1147 - ESCOLA MUNICIPAL SANTA LÚCIA,"AVENIDA TANCREDO NEVES, N. 1544",82; 94; 111,3,888
7,LARANJAL DO JARI,1155 - ESCOLA MUNICIPAL PROF. TEREZA TELES,"RUA FLORIANO PEIXOTO, N. 1024",76; 83; 89; 90; 98; 102; 105; 108; 121; 126; 171,11,2031
7,LARANJAL DO JARI,1163 - ESCOLA MUNICIPAL JOÃO QUEIROGA DE SOUZA,"RUA DA USINA, N. 1118",10; 11; 12; 88; 93; 99; 130,7,1161
7,LARANJAL DO JARI,1201 - ESCOLA ESTADUAL EMÍLIO MÉDICE,"PASSARELA BEIRA RIO, S/N",62; 74; 104; 107,4,755
7,LARANJAL DO JARI,1210 - CENTRO MUNICIPAL DE ENSINO - CMEF,"AV. TANCREDO NEVES, S/N",13; 39; 64; 72; 78; 85; 87; 113; 132,9,1949
7,LARANJAL DO JARI,1228 - ESCOLA MUNICIPAL ZÉLIA CONCEIÇÃO SOUSA DA SILVA,"RUA 19 DE ABRIL, 2822",103; 109; 120; 178,4,1319
7,LARANJAL DO JARI,1252 - ESCOLA MUNICIPAL MARIA DE NAZARÉ MINEIRO,AV. TANCREDO NEVES S/N,116; 129,2,735
7,LARANJAL DO JARI,1287 - ESCOLA ESTADUAL BOM AMIGO MANOEL MANDI,AV. VIOLETA S/N,119; 131; 175,3,1101
7,LARANJAL DO JARI,1309 - ESCOLA MUNICIPAL MUNDO ENCANTADO,AV. SÃO JOSÉ 933,170; 177; 182,3,977
7,VITÓRIA DO JARI,1015 - ESCOLA ESTADUAL MUNGUBA DO JARI,"PASSARELA PRINCIPAL JOSÉ SEMEÃO DE SOUZA, N. 473",134; 135; 136; 137; 138; 139; 140; 141; 142; 143; 144,11,2073
7,VITÓRIA DO JARI,1023 - ESCOLA ESTADUAL JARILÂNDIA,"VILA DE JARILÂNDIA, N. 1222",145; 146; 181,3,773
7,VITÓRIA DO JARI,1058 - ESCOLA MUNICIPAL BENEDITO LIMA PENELVA,"RUA PEDRO LADISLAU, S/N",149; 150; 151; 152; 153,5,1305
7,VITÓRIA DO JARI,1066 - ESCOLA MUNICIPAL FRANCISCA DE FREITAS ARAUJO,"RUA PEDRO LADISLAU, S/N",154; 155; 156; 157; 158; 159; 160; 161,8,1751
7,VITÓRIA DO JARI,1082 - ESCOLA MUNICIPAL ÁLVARO MARQUES GONÇALVES,PAS JOSÉ SIMEÃO DE SOUZA - 1361,162; 163; 164; 165; 166; 167; 168,7,1498
7,VITÓRIA DO JARI,1090 - ESCOLA MUNICIPAL FELINTO BATISTA,AV. PEDRO LADISLAU,173; 176; 179; 184,4,1067
7,VITÓRIA DO JARI,1104 - ESCOLA ESTADUAL TEOTÔNIO BRANDÃO VILELA,PASSARELA JOSÉ SIMEÃO DE SOUZA,172; 174; 180,3,953
8,TARTARUGALZINHO,1023 - ESC EST MARIA LUCILA BRAZÃO,"VILA LAGO NOVO, 1153",3; 44,2,450
8,TARTARUGALZINHO,1031 - ESC EST REISALINA FERREIRA TOMAZ,"AV. N. S. PERPÉTUO SOCORRO, 765",4; 5; 6; 7; 8; 14; 16; 18; 19; 26,10,2572
8,TARTARUGALZINHO,1040 - ESC EST  WASHINGTON LUIS A. FIGUEIREDO,"BR 156 - VILA DE ITAUBAL DO AMAPÁ, 760",9; 29,2,472
8,TARTARUGALZINHO,1082 - ESC EST JUVENAL FARIAS DA COSTA,VILA BOM JESUS DOS FERNANDES,13; 31,2,617
8,TARTARUGALZINHO,1104 - ESC EST DARCY RIBEIRO,COLONIA AGRÍCOLA  DO CEDRO,15; 28,2,707
8,TARTARUGALZINHO,1112 - ESC EST NOVA VIDA,BR 156 KM 112- COMUN. NOVA VIDA,17; 45,2,355
8,TARTARUGALZINHO,1180 - ESCOLA ESTADUAL ALZIRA DE LIMA SANTOS,"RUA GETÚLIO VARGAS, S/N",27; 30; 32; 33; 34; 46,6,2028
8,TARTARUGALZINHO,1244 - E.E PROFESSORA MARIA JOSÉ DE NAZARÉ FERREIRA LIMA,"RUA MÃE VERÔNICA, 767",37; 38; 39; 40; 41; 43,6,1969
10,CUTIAS,1015 - ESCOLA ESTADUAL LOURIMAR SIMÕES PAES,"RUA LÉO VIRGÍLIO TOLOSA, 624",109; 110; 111; 112; 149; 296; 396; 463,8,2402
10,CUTIAS,1023 - ESCOLA ESTADUAL PROFESSOR JOSÉ RIBEIRO PONTES,"RUA RIO GURUPORA, 1085",114; 212; 393,3,822
10,CUTIAS,1031 - ESCOLA MUNICIPAL ALICE NASCIMENTO PIMENTEL,"RUA MANOEL RAIMUNDO PEREIRA, S/N, CENTRO CUTIAS",113; 172; 187; 252; 417; 462,6,1714
10,CUTIAS,1040 - ESCOLA ESTADUAL MÁRIO ALVES MEIRA,"AV PRINCIPAL DO LIVRAMENTO, 832, LIVRAMENTO",394; 439,2,526
10,CUTIAS,1058 - CRECHE MUNICIPAL PINGO DE GENTE,RUA PRIMEIRO DE MAIO 765,416; 430; 458,3,762
10,ITAUBAL,1015 - ESCOLA ESTADUAL ANA CLAUDINA PICANÇO,VILA DO CARMO DO MACACOARI,1; 2; 376; 456,4,1414
10,ITAUBAL,1023 - ESCOLA ESTADUAL WILSON HILL DE ARAUJO,VILA DO ITAUBAL,3; 4; 5; 147; 249; 297; 371; 377,8,2600
10,ITAUBAL,1040 - ESCOLA ESTADUAL EUGENIO MACHADO,FOZ DO RIO MACACOARI,7; 410,2,392
10,ITAUBAL,1058 - ESCOLA ESTADUAL ESTEVAM DE CARVALHO COSTA,SANTA MARIA DO CURICACA,8; 263; 423,3,928
10,ITAUBAL,1074 - ESCOLA ESTADUAL ADELANO NUNES LACERDA,COMUNIDADE DO URUA,190; 408,2,419
10,ITAUBAL,1082 - ESCOLA MUNICIPAL ANTÔNIO MAXIMINO DA CRUZ,"RODOVIA AP 070, COMUNIDADE DE INAJÁ",247; 441,2,407
10,ITAUBAL,1090 - ESCOLA ESTADUAL IPIXUNA GRANDE,IGARAPÉ IPIXUNA GRANDE,351; 442,2,354
10,ITAUBAL,1104 - ESCOLA MUNICIPAL JOSÉ ALMEIDA,RUA RAIMUNDO PALMEIRIM FERREIRA,415; 424; 429; 433; 459; 461; 464,7,2003
11,PEDRA BRANCA DO AMAPARI,1015 - ESCOLA ESTADUAL MARIA HELENA CORDEIRO,"RUA DA PAZ, 527 - CENTRAL - PEDRA BRANCA DO AMAPARI",1; 2; 3; 5; 20; 23; 27; 37; 41,9,3094
11,PEDRA BRANCA DO AMAPARI,1023 - ESCOLA MUNICIPAL DE ENSINO FUNDAMENTAL RIOZINHO,PERIMETRAL NORTE - ZONA RURAL,6; 13; 44,3,712
11,PEDRA BRANCA DO AMAPARI,1031 - ESCOLA ESTADUAL JOSE FERNANDES DA SILVA,"PERIMETRAL NORTE, 1037, AGUA FRIA",16; 19; 35,3,1126
11,PEDRA BRANCA DO AMAPARI,1040 - ESCOLA MUNICIPAL DO TUCANO II,RODOVIA PERIMETRAL NORTE S/N,24; 42,2,415
11,PEDRA BRANCA DO AMAPARI,1058 - ESCOLA ESTADUAL DAS ALDEIAS WAIÃPI,"RODOVIA PERIMETRAL NORTE - BR-210, S/N",26; 32,2,597
11,PEDRA BRANCA DO AMAPARI,1066 - ESCOLA MUNICIPAL DE ENSINO FUNDAMENTAL SÃO PEDRO,"RUA FRANCISCO BRAZ, 345",28; 29; 30; 31; 33; 34; 36; 38; 39,9,2931
11,PEDRA BRANCA DO AMAPARI,1074 - ESCOLA MUNICIPAL ERIKA DANIELLA DE CASTRO SILVA,"RUA SAO FRANCISCO, 2033 - REVIVER",4; 21; 25; 40,4,1081
11,SERRA DO NAVIO,1015 - ESCOLA ESTADUAL DOUTOR HERMELINO HERBSTER GUSMAO,"BC7, 589, SERRA DO NAVIO",7; 8; 9; 10; 11; 12; 43,7,2264
11,SERRA DO NAVIO,1023 - ESCOLA ESTADUAL COLÔNIA DE ÁGUA BRANCA,"RUA AIRTON SENA, 1021",15; 17; 22,3,1184
11,SERRA DO NAVIO,1031 - ESCOLA ESTADUAL SETE DE SETEMBRO,"VILA CACHACO, SN",14; 18,2,680
12,FERREIRA GOMES,1015 - ESCOLA ESTADUAL PROFA. MARIA IRACI TAVARES,"RUA DUQUE DE CAXIAS, N. 521",43; 44; 45; 46; 47; 48,6,2229
12,FERREIRA GOMES,1023 - ESCOLA ESTADUAL INDEPENDENCIA,RAMAL DA ELETRONORTE (USINA COARACY NUNES),49; 50; 73,3,668
12,FERREIRA GOMES,1031 - ESCOLA MUNICIPAL JOÃO FREIRE CORDEIRO,"AV. MANOEL LINO LEAL, 925",51; 52; 53; 54; 55; 56; 68,7,2519
12,FERREIRA GOMES,1040 - ESCOLA MUNICIPAL PASTOR JACI TORQUATO,"AV COSTA E SILVA, 1002",57; 58; 59; 60; 61; 62; 63; 64; 65,9,2233
12,PORTO GRANDE,1015 - ESCOLA ESTADUAL JOSÉ RIBAMAR TEIXEIRA,"AVENIDA PEDRO TEIXEIRA, S/N, BAIRRO MALVINAS",1; 2; 3; 4; 5; 6; 7; 8; 9,9,3230
12,PORTO GRANDE,1023 - ESC. EST. MATAPI II,"COLONIA AGRICOLA DO MATAPI, 1055 - LINHA A",16; 17; 29; 40,4,1219
12,PORTO GRANDE,1031 - ESC. EST. CAMPO VERDE,"RODOVIA PERIMETRAL NORTE, KM 119, S/N",18; 42,2,627
12,PORTO GRANDE,1040 - ESCOLA MUNICIPAL CUPIXI,VILA DO CUPIXI,19; 20; 21,3,875
12,PORTO GRANDE,1058 - ESC. EST. ELIAS FREITAS TRAJANO DE SOUZA,"RUA BELA VISTA, S/N",22; 23; 27; 28; 30; 31; 32; 39,8,2959
12,PORTO GRANDE,1074 - ESC. EST. SANTA MARIA,GARIMPO DO VILA NOVA,25; 70,2,379
12,PORTO GRANDE,1120 - ESCOLA MUNICIPAL ADÃO FERREIRA,RUA JOSE DE ARAUJO N. 1712,33; 34; 35; 36; 71,5,1872
12,PORTO GRANDE,1139 - ESCOLA MUNICIPAL ACRE,AVENIDA OITO DE AGOSTO,10; 11; 12; 13; 14; 15; 38,7,2506
12,PORTO GRANDE,1147 - ESCOLA MUNICIPAL JOANA MARIA DA SILVA,BR 210 KM 142,37; 66,2,463
12,PORTO GRANDE,1163 - ESCOLA MUNICIPAL AMÉLIA BITENCOURT BESSA DE OLIVEIRA,"AV. SOLDADO VALDINEI DE OLIVEIRA, N 58",41; 67,2,779
1,AMAPÁ,1031 - ESCOLA MUNICIPAL PROFª SHIRLEY MÁRCIA LOBATO ABREU,"RAMAL DA BASE AÉREA, 184 - LOCALIDADE CAJUEIRA",3,1,149
1,AMAPÁ,1074 - ESCOLA ESTADUAL ANTÔNIO TEIXEIRA GUERRA,LADO ESQUERDO DO RIO SUCURIJU,8,1,239
1,AMAPÁ,1317 - ESCOLA MUNICIPAL PIMPOLHO,AV FAB,93,1,2
1,CALÇOENE,1066 - ESCOLA ESTADUAL DE ENSINO DE 1ªGRAU DO CALAFATE,"A MARGEM DIREITA DA BR 156, ZONA RURAL, CALAFATE",69,1,190
1,CALÇOENE,1090 - ESCOLA MUNICIPAL RAIMUNDA VIANA DA SILVA,"MARGEM DIREITA DA BR 156, KM 570",87,1,78
1,PRACUÚBA,1040 - ESCOLA ESTADUAL SÃO MIGUEL DO FLEXAL,POVOADO DE SÃO MIGUEL DO FLEXAL,4,1,59
1,PRACUÚBA,1244 - ESCOLA ESTADUAL JOÃO EVANGELISTA LOPES,VILA PERNAMBUCO,80,1,147
1,PRACUÚBA,1252 - ESCOLA MUNICIPAL MARIA ENILZA COSTA ALVES,"RAMAL DA AGROVILA, 4881",78,1,146
1,PRACUÚBA,1260 - ESCOLA MUNICIPAL MANOEL HURBANO DA SILVA BRITO,"RAMAL DO PORTO FRANCO, 267",89,1,102
1,PRACUÚBA,1279 - ESCOLA ESTADUAL ERNESTO COLARES,"AV SÃO PEDRO, 1158",94,1,2
4,OIAPOQUE,1074 - ESCOLA DE PRIMEIRO GRAU TAPARABU,VILA DE TAPARABU,9,1,267
4,OIAPOQUE,1112 - ESCOLA DE PRIMEIRO GRAU DO CASSIPORE,PONTE DO RIO CASSIPORE KM 120,22,1,140
4,OIAPOQUE,1155 - ESCOLA MUNICIPAL VILA BRASIL,VILA BRASIL - MARGEM DIREITA DO RIO OIAPOQUE,44,1,229
4,OIAPOQUE,1210 - ESCOLA ESTADUAL DUQUE DE CAXIAS,DISTRITO DE CLEVELANDIA DO NORTE,79,1,125
5,MAZAGÃO,1031 - ESCOLA ESTADUAL CENTRAL DO MARACA,COMUNIDADE CENTRAL DO MARACA,7,1,116
5,MAZAGÃO,1082 - ESCOLA ESTADUAL PANCADA DO CAMAIPI,"POVOADO PANCADA DO CAMAIPI, 85",37,1,226
5,MAZAGÃO,1090 - ESCOLA MUNICIPAL SÃO MIGUEL DE MONTE SINAI,FOZ DO RIO ACAITUBA,12,1,290
5,MAZAGÃO,1147 - ESCOLA MUNICIPAL BARRO ALTO,RIO MARACÁ,33,1,67
5,MAZAGÃO,1260 - ESCOLA MUNICIPAL CURUÇA,FOZ DO RIO CURUÇA,68,1,271
5,MAZAGÃO,1287 - ESCOLA MUNICIPAL CONCEIÇÃO DO MARACÁ,LAGO DO MARACÁ,73,1,241
5,MAZAGÃO,1295 - ESCOLA ESTADUAL AMILAR ARTUR BRENHA,"RECREIO DO RIO PRETO, 824",74,1,198
5,MAZAGÃO,1309 - ESCOLA MUNICIPAL SOROROCA,ROD MACAPÁ JARI-VILA DO SOROROCA,75,1,90
5,MAZAGÃO,1325 - ESCOLA MUNICIPAL SÃO JOSÉ DO MARACÁ,COMUNIDADE DE SÃO JOSÉ DO MARACÁ,77,1,125
5,MAZAGÃO,1333 - ESCOLA MUNICIPAL SANTA MARIA DO FURO DO MARACA,COMUNIDADE SANTA MARIA DO FURO DO MARACÁ,78,1,175
5,MAZAGÃO,1392 - ESCOLA MUNICIPAL PORÇÃO DO RIO PRETO,PORÇÃO DO RIO PRETO,34,1,195
5,MAZAGÃO,1414 - ESCOLA MUNICIPAL RAIMUNDO ANTONIO VIEIRA,COMUNIDADE SÃO JORGE DO RIO MARACÁ,111,1,95
5,MAZAGÃO,1457 - ESCOLA MUNICIPAL DE ENSINO FUNDAMENTAL DO BAIXO DO MUTUACÁ,RIO MUTUACÁ,130,1,206
6,SANTANA,1040 - E.P.G. MATAO III,COMUNIDADE DO RAMAL III DO PIACACA,8,1,274
6,SANTANA,1309 - ASSOCIAÇÃO DOS PRODUTORES RURAIS DE MAÇARANDUBA II - APRUMA,"BR 156, RAMAL DO MAÇARANDUBA II, KM 18",270,1,1
6,SANTANA,1317 - ESCOLA MUNICIPAL PADRE FULVIO GIULLIANO,"AVENIDA RIO BRANCO, S/N",279,1,11
6,SANTANA,1325 - ESCOLA ESTADUAL ANTONIO JANUARIO PEREIRA,"AVENIDA DOM PEDRO I, 4438",278,1,60
6,SANTANA,1449 - ESCOLA ESTADUAL CONCEICAO DO MARUANUM I,"COMUNIDADE DO CONCEICAO DO MARUANUM I, KM 70",249,1,183
6,SANTANA,1465 - ANEXO DA ESCOLA MUNICIPAL DE ENSINO BÁSICO SÃO JOSÉ,ASSENTAMENTO DO MATÃO II,271,1,111
6,SANTANA,1473 - ESCOLA MUNICIPAL DE ENSINO BÁSICO CAFEZAL,CAFEZAL,272,1,87
6,SANTANA,1481 - ESCOLA ESTADUAL LEVINDO ALVES DOS SANTOS,"MARGEM DO RIO CACHOEIRINHA, N 300",274,1,262
7,LARANJAL DO JARI,1082 - ESCOLA MUNICIPAL CONCEIÇÃO DO MURIACÁ,VILA CONCEIÇÃO DO MURIACÁ - RIO MARACÁ,34,1,182
7,LARANJAL DO JARI,1180 - ESCOLA MUNICIPAL SÃO FRANCISCO DO IRATAPURU,COMUNIDADE IRATAPURU,92,1,200
7,LARANJAL DO JARI,1198 - ESCOLA MUNICIPAL WALDEMAR BORGES DUARTE,COMUNIDADE BOCA DO BRAÇO,91,1,260
7,LARANJAL DO JARI,1279 - ESCOLA MUNICIPAL CRISTO REDENTOR,BR 156 COMUNIDADE MARTINS,133,1,170
7,LARANJAL DO JARI,1325 - ESCOLA ESTADUAL SANTA CLARA DO CAJARI,COMUNIDADE SÃO PEDRO,186,1,112
7,VITÓRIA DO JARI,1031 - ESCOLA DE 1 GRAU SAO JOAO DO CAJARI,RIO CAJARI                                        VILA RIO CAJA,147,1,346
7,VITÓRIA DO JARI,1040 - ESCOLA MUNICIPAL ATERRO DO MURIACÁ,ATERRO DO MURIACÁ,148,1,301
7,VITÓRIA DO JARI,1120 - CENTRO COMUNITÁRIO ILHAS ARUÃS,ILHAS ARUÃS,183,1,276
7,VITÓRIA DO JARI,1139 - ESCOLA MUNICIPAL DE TAPERERA,COMUNIDADE QUILOMBOLA,187,1,89
8,TARTARUGALZINHO,1015 - ESC EST NAZARÉ DO APOREMA,"COMUNIDADE DE VILA NAZARÉ, 1238",2,1,126
8,TARTARUGALZINHO,1058 - ESC EST UAPEZAL,"VILA DE TERRA FIRME UAPEZAL, 545",10,1,295
8,TARTARUGALZINHO,1066 - ESC EST LUCIANA RABELO LEITE,COMUNIDADE SANTA ROSA DO ARAGUARI,11,1,58
8,TARTARUGALZINHO,1074 - ESC EST BONITO DO APOREMA,SÃO BENEDITO DO APOREMA,12,1,208
8,TARTARUGALZINHO,1090 - ESC EST JOÃO BRAZÃO DA SILVA,"VILA FAZENDA MODELO, 771",1,1,246
8,TARTARUGALZINHO,1120 - ESC EST GUANABARA DO ARAGUARI,FAZENDA GUANABARA,22,1,70
8,TARTARUGALZINHO,1139 - ESC EST SÃO SEBASTIÃO DA TERRA FIRME,TERRA FIRME,20,1,166
8,TARTARUGALZINHO,1147 - ESC EST ENTRE RIOS,ASSENTAMENTO PA CEDRO,21,1,251
8,TARTARUGALZINHO,1155 - ESCOLA MUNICIPAL IGARAPÉ DO PEIXE,LOCALIDADE DE FLORESTAL,25,1,186
8,TARTARUGALZINHO,1163 - ESC EST BASÍLIO PEREIRA DE SOUZA FILHO,COM LIVRAMENTO DO APOREMA,24,1,168
8,TARTARUGALZINHO,1171 - ESC MUN ANDIROBA DO LAGO NOVO,COMUNIDADE DO ANDIROBA,23,1,198
8,TARTARUGALZINHO,1198 - ESCOLA MUNICIPAL ANALICE MACIEL DE JESUS,"AV. 25 DE AGOSTO, N. 249",35,1,28
8,TARTARUGALZINHO,1236 - E.E. SÃO TOMÉ DO APOREMA,SÃO TOMÉ DO APOREMA,36,1,89
8,TARTARUGALZINHO,1252 - ESCOLA ESTADUAL CHICO MENDES,ASSENTAMENTO GOVERNADOR JANARY II,42,1,211
10,CUTIAS,1074 - ESCOLA ESTADUAL PRACUÚBA DO ARAGUARI,VILA PRACUÚBA DO ARAGUARI,452,1,85
10,ITAUBAL,1031 - ESCOLA MUNICIPAL MIGUEL JORGE HAUAT ELIAS,IGARAPE NOVO,6,1,211
10,ITAUBAL,1066 - ESCOLA ESTADUAL JERUSALEM DO PAU MULATO,VILA JERUSALEM DO PAU MULATO,9,1,156
12,FERREIRA GOMES,1058 - ESCOLA MUNICIPAL VALDIR FERREIRA MENDES,ASSENTAMENTO FERREIRINHA,69,1,244
12,PORTO GRANDE,1066 - ESC. EST. NOVA COLINA,ASSENTAMENTO NOVA COLINA,24,1,307
12,PORTO GRANDE,1082 - ESC. MUNICIPAL ELILUCIA DE SOUZA SANTOS,RAMAL DA REFORMA AGRÁRIA - ASSENTAMENTO DO MUNGUBA,26,1,351
